{
    "display": {
      "icon": {
        "item": "minecraft:trident"
      },
      "title": "Thunder Survivor",
      "description": "Leave Thunder by striking a villager with a channeling trident",
      "frame": "goal",
      "show_toast": true,
      "announce_to_chat": true,
      "hidden": false,
      "background": "minecraft:textures/block/ancient_debris_side.png"
    },
    "criteria": {
      "conditions": {
		"trigger": "minecraft:channeled_lightning",
        "victims": [
            {
				"type": "minecraft:villager"
            }
        ]
      }
    },
    "rewards": {
	   "function": "hellworld:ascend_to_blunder"
    }
  }