{
    "display": {
      "icon": {
        "item": "minecraft:prismarine"
      },
      "title": "Plunder Survivor",
      "description": "Leave the Plunder by killing an Elder Guardian",
      "frame": "goal",
      "show_toast": true,
      "announce_to_chat": true,
      "hidden": false,
      "background": "minecraft:textures/block/ancient_debris_side.png"
    },
    "criteria": {
      "requirement": {
        "trigger": "minecraft:player_killed_entity", 
		"conditions": {
			"entity": {
				"type": "minecraft:elder_guardian"
			}
		}
      }
    },
    "rewards": {
	   "function": "hellworld:ascend_to_wonder"
    }
  }