{
    "display": {
        "icon": {
            "item": "minecraft:diamond"
        },
        "title": "Blunder Survivor",
        "description": "Leave the Under by getting a Diamond!",
        "frame": "goal",
        "show_toast": true,
        "announce_to_chat": true,
        "hidden": false,
        "background": "minecraft:textures/block/ancient_debris_side.png"
    },
    "criteria": {
        "requirement": {
            "trigger": "minecraft:inventory_changed",
            "conditions": {
                "items": [
                    {
                        "items": [
                            "minecraft:diamond"
                        ]
                    }
                ]
            }
        }
    },
    "rewards": {
        "function": "hellworld:ascend_to_plunder"
    }
}